war movie fight scene vs saaho movie scene|| prabhas hrithikroshan#tigershroof URL
"AT_USER AT_USER AT_USER AT_USER ""saaho movie is terrible"" URL"
rt AT_USER AT_USER prabhas why saaho movie not available in hindi? on amazonprimevideo amazonprime AT_USER AT_USER
AT_USER prabhas why saaho movie not available in hindi? on amazonprimevideo amazonprime AT_USER URL
AT_USER AT_USER macha kaappaan postponed for saaho movie saaho aug30 kaappaan sep 20 bad date released but URL
AT_USER prabhas saaho movie... super 
rt AT_USER AT_USER i think along with prabhas stardom saaho movie isn't a bad film it's a gd movie and great attempt by
rt AT_USER AT_USER i think along with prabhas stardom saaho movie isn't a bad film it's a gd movie and great attempt by
AT_USER i think along with prabhas stardom saaho movie isn't a bad film it's a gd movie and great attempt URL
"AT_USER thanks, same for another title saaho movie, this one is also not available in hindi language"
i love this &amp; like this sahoo prabhas sir saaho movie hero entry bgm music wow it's really  URL
rt AT_USER sharp 10:00am saaho movie editzz in my ownstyle.. hope u like it.... jai prabhas anna URL
"rt AT_USER 2morrow 10:00am saaho AT_USER AT_USER AT_USER prabhas short editing video of 'saaho' movie jai ""prab"
rt AT_USER sharp 10:00am saaho movie editzz in my ownstyle.. hope u like it.... jai prabhas anna URL
"rt AT_USER 2morrow 10:00am saaho AT_USER AT_USER AT_USER prabhas short editing video of 'saaho' movie jai ""prab"
sharp 10:00am saaho movie editzz in my ownstyle.. hope u like it.... jai prabhas anna URL
2morrow 10:00am saaho AT_USER AT_USER AT_USER prabhas short editing video of 'saaho' movie jai URL
"AT_USER AT_USER hindi is spoken in all over india, thus i think saaho movie should be available in hindi also on amazon prime"
whats your opinion on saaho movie. did u like it sir? askghibran URL
2019 telugu movies edition movie i dislike: saaho movie i think is overrated : sye raa movie i think is underrat URL
rt AT_USER super kickkuuuu friends .. bumperrr ...saaho movie hero prabhas unseen pics  prabhas in this pic looks lit  hosaa
rt AT_USER AT_USER AT_USER AT_USER AT_USER prabhas had done according to the saaho movie character i thi
rt AT_USER super kickkuuuu friends .. bumperrr ...saaho movie hero prabhas unseen pics  prabhas in this pic looks lit  hosaa
rt AT_USER super kickkuuuu friends .. bumperrr ...saaho movie hero prabhas unseen pics  prabhas in this pic looks lit  hosaa
super kickkuuuu friends .. bumperrr ...saaho movie hero prabhas unseen pics  prabhas in this pic looks lit  URL
AT_USER AT_USER AT_USER AT_USER prabhas had done according to the saaho movie character i URL
rt AT_USER prabhas intro theme from saaho movie out now.. link -- URL AT_USER AT_USER AT_USER
rt AT_USER prabhas intro theme from saaho movie out now.. link -- URL AT_USER AT_USER AT_USER
prabhas intro theme from saaho movie out now.. link -- URL AT_USER AT_USER URL
AT_USER saaho movie will become a cult classic to hindi audience when it's release in zee cinema to oure audienc URL
baby won't you tell me or enni soni from saaho movie is one of the best song of the year URL
"rt AT_USER @ dineshchakre1: i'm not talking about the saaho movie, i'm talking real life even the haircut did not look cool, it's no"
rt AT_USER now in karnataka dubbinginkannada is legal irrespective of any language movies can dubbed into kannada. as a kannadig
AT_USER when saaho movie release
AT_USER AT_USER AT_USER AT_USER AT_USER dear team saaho movie hindi ver URL
rt AT_USER AT_USER haha look at saaho movie... he can't even deliver a single expression in the movie .... he look like a stat
rt AT_USER your opinion about prabhas saaho movie. prabhas20 AT_USER AT_USER AT_USER
rt AT_USER your opinion about prabhas saaho movie. prabhas20 AT_USER AT_USER AT_USER
rt AT_USER your opinion about prabhas saaho movie. prabhas20 AT_USER AT_USER AT_USER
your opinion about prabhas saaho movie. prabhas20 AT_USER AT_USER AT_USER
rt AT_USER the power packed teaser of saaho starring prabhas and shraddhakapoor is here! watch it now on paytm: URL
